{"col00":{"w":1.0,"x":1.0,"y":1.0,"z":1.0},"col01":{"w":1.0,"x":0.5,"y":0.5,"z":0.5},"col02":{"w":0.9399999976158142,"x":0.05999999865889549,"y":0.05999999865889549,"z":0.05999999865889549},"col03":{"w":0.0,"x":0.0,"y":0.0,"z":0.0},"col04":{"w":0.9399999976158142,"x":0.07999999821186066,"y":0.07999999821186066,"z":0.07999999821186066},"col05":{"w":0.5,"x":0.4300000071525574,"y":0.4300000071525574,"z":0.5},"col06":{"w":0.0,"x":0.0,"y":0.0,"z":0.0},"col07":{"w":0.5400000214576721,"x":0.1599999964237213,"y":0.28999999165534973,"z":0.47999998927116394},"col08":{"w":0.4000000059604645,"x":0.25999999046325684,"y":0.5899999737739563,"z":0.9800000190734863},"col09":{"w":0.6700000166893005,"x":0.25999999046325684,"y":0.5899999737739563,"z":0.9800000190734863},"col10":{"w":1.0,"x":0.03999999910593033,"y":0.03999999910593033,"z":0.03999999910593033},"col11":{"w":1.0,"x":0.1599999964237213,"y":0.28999999165534973,"z":0.47999998927116394},"col12":{"w":0.5099999904632568,"x":0.0,"y":0.0,"z":0.0},"col13":{"w":1.0,"x":0.14000000059604645,"y":0.14000000059604645,"z":0.14000000059604645},"col14":{"w":0.5299999713897705,"x":0.019999999552965164,"y":0.019999999552965164,"z":0.019999999552965164},"col15":{"w":1.0,"x":0.3100000023841858,"y":0.3100000023841858,"z":0.3100000023841858},"col16":{"w":1.0,"x":0.4099999964237213,"y":0.4099999964237213,"z":0.4099999964237213},"col17":{"w":1.0,"x":0.5099999904632568,"y":0.5099999904632568,"z":0.5099999904632568},"col18":{"w":1.0,"x":0.25999999046325684,"y":0.5899999737739563,"z":0.9800000190734863},"col19":{"w":1.0,"x":0.23999999463558197,"y":0.5199999809265137,"z":0.8799999952316284},"col20":{"w":1.0,"x":0.25999999046325684,"y":0.5899999737739563,"z":0.9800000190734863},"col21":{"w":0.4000000059604645,"x":0.25999999046325684,"y":0.5899999737739563,"z":0.9800000190734863},"col22":{"w":1.0,"x":0.25999999046325684,"y":0.5899999737739563,"z":0.9800000190734863},"col23":{"w":1.0,"x":0.05999999865889549,"y":0.5299999713897705,"z":0.9800000190734863},"col24":{"w":0.3100000023841858,"x":0.25999999046325684,"y":0.5899999737739563,"z":0.9800000190734863},"col25":{"w":0.800000011920929,"x":0.25999999046325684,"y":0.5899999737739563,"z":0.9800000190734863},"col26":{"w":1.0,"x":0.25999999046325684,"y":0.5899999737739563,"z":0.9800000190734863},"col27":{"w":0.5,"x":0.4300000071525574,"y":0.4300000071525574,"z":0.5},"col28":{"w":0.7799999713897705,"x":0.10000000149011612,"y":0.4000000059604645,"z":0.75},"col29":{"w":1.0,"x":0.10000000149011612,"y":0.4000000059604645,"z":0.75},"col30":{"w":0.25,"x":0.25999999046325684,"y":0.5899999737739563,"z":0.9800000190734863},"col31":{"w":0.6700000166893005,"x":0.25999999046325684,"y":0.5899999737739563,"z":0.9800000190734863},"col32":{"w":0.949999988079071,"x":0.25999999046325684,"y":0.5899999737739563,"z":0.9800000190734863},"col33":{"w":0.8619999885559082,"x":0.17999999225139618,"y":0.34999996423721313,"z":0.5800000429153442},"col34":{"w":0.800000011920929,"x":0.25999999046325684,"y":0.5899999737739563,"z":0.9800000190734863},"col35":{"w":1.0,"x":0.19999998807907104,"y":0.4099999666213989,"z":0.6800000071525574},"col36":{"w":0.9724000096321106,"x":0.06800000369548798,"y":0.10199998319149017,"z":0.14800003170967102},"col37":{"w":1.0,"x":0.13599997758865356,"y":0.2619999647140503,"z":0.42399999499320984},"col38":{"w":1.0,"x":0.6100000143051147,"y":0.6100000143051147,"z":0.6100000143051147},"col39":{"w":1.0,"x":1.0,"y":0.4300000071525574,"z":0.3499999940395355},"col40":{"w":1.0,"x":0.8999999761581421,"y":0.699999988079071,"z":0.0},"col41":{"w":1.0,"x":1.0,"y":0.6000000238418579,"z":0.0},"col42":{"w":1.0,"x":0.1899999976158142,"y":0.1899999976158142,"z":0.20000000298023224},"col43":{"w":1.0,"x":0.3100000023841858,"y":0.3100000023841858,"z":0.3499999940395355},"col44":{"w":1.0,"x":0.23000000417232513,"y":0.23000000417232513,"z":0.25},"col45":{"w":0.0,"x":0.0,"y":0.0,"z":0.0},"col46":{"w":0.05999999865889549,"x":1.0,"y":1.0,"z":1.0},"col47":{"w":0.3499999940395355,"x":0.25999999046325684,"y":0.5899999737739563,"z":0.9800000190734863},"col48":{"w":0.8999999761581421,"x":1.0,"y":1.0,"z":0.0},"col49":{"w":1.0,"x":0.25999999046325684,"y":0.5899999737739563,"z":0.9800000190734863},"col50":{"w":0.699999988079071,"x":1.0,"y":1.0,"z":1.0},"col51":{"w":0.20000000298023224,"x":0.800000011920929,"y":0.800000011920929,"z":0.800000011920929},"col52":{"w":0.3499999940395355,"x":0.800000011920929,"y":0.800000011920929,"z":0.800000011920929}}